item_id,order_id,product_id,quantity,unit_price,discount_percent
1,1,56,2,2749.1,12.94
2,1,315,1,4571.79,21.46
3,2,18,1,445.02,21.83
4,3,10,4,829.39,19.21
5,3,478,1,3356.57,7.99
6,4,169,4,2915.74,15.46
7,4,482,4,2442.88,12.12
8,4,373,1,2746.63,0.1
9,5,419,4,693.9,16.06
10,5,184,3,3441.0,12.02
11,5,324,1,1890.24,25.6
12,6,42,4,3826.22,8.7
13,6,104,2,2816.93,29.03
14,7,98,3,3509.82,26.89
15,7,323,3,2483.87,26.56
16,7,225,2,785.72,5.79
17,8,304,2,2497.24,1.89
18,8,277,3,2548.45,28.95
19,8,416,4,4836.21,0.49
22,10,482,-5,829.87,17.38
23,10,474,1,280.7,4.25
27,12,88,5,413.39,24.52
28,12,59,4,3015.39,18.47
29,12,33,2,2188.44,24.35
33,14,33,1,1442.08,22.73
34,14,87,3,2811.7,13.16
35,15,21,2,589.84,25.42
36,15,314,4,3910.54,0.47
37,15,250,1,131.11,5.38
38,16,362,5,4445.88,12.49
39,17,355,2,1110.19,19.19
40,17,268,-4,2118.95,28.14
41,18,355,1,3021.73,21.52
42,18,314,1,3173.24,23.48
43,18,179,4,122.39,7.07
44,19,272,1,3132.71,25.88
45,20,260,2,2374.66,18.79
46,20,107,3,360.04,3.38
47,20,77,4,2537.82,4.79
48,21,28,3,1496.82,13.04
49,22,316,-4,312.26,22.21
50,22,474,5,961.85,23.56
51,23,264,1,447.21,7.06
52,23,228,5,2940.83,12.57
53,24,347,3,1227.31,3.3
54,24,117,1,1261.88,12.38
55,24,103,4,4467.69,2.21
59,26,104,3,723.34,20.77
60,26,31,3,768.86,25.55
61,27,215,2,3825.66,6.6
62,27,152,5,868.26,23.84
63,28,464,2,2932.8,16.58
64,28,118,1,2117.31,15.65
65,28,442,-2,2998.75,25.11
66,29,8,4,3707.28,7.4
67,29,168,4,2939.39,26.75
68,30,485,2,4577.4,26.95
69,30,214,1,296.29,14.12
70,30,394,5,264.74,15.93
71,31,415,1,2316.96,7.22
72,31,286,1,3496.48,12.2
73,32,68,3,1549.37,19.43
74,33,9,-4,3378.27,4.85
75,34,440,5,3761.7,0.73
76,34,233,4,3881.99,26.23
79,36,17,3,2186.92,8.09
80,36,485,5,2757.93,23.83
81,36,404,1,3140.23,10.07
82,37,264,3,4451.09,3.33
83,38,239,-5,300.28,10.99
84,38,332,5,3553.88,16.82
85,39,71,3,1269.3,3.41
86,40,378,5,4368.54,21.09
87,40,386,2,1670.27,26.94
88,41,349,4,1458.01,1.9
89,41,177,4,2482.51,15.8
90,41,63,4,3578.14,20.35
91,42,461,3,2314.69,11.04
92,42,345,1,1022.93,26.52
93,42,45,1,2014.34,5.36
94,43,56,2,1452.12,20.91
95,44,78,2,2651.37,18.82
96,44,151,4,4850.92,16.24
97,45,243,3,2158.64,22.13
98,46,150,2,408.45,26.15
99,47,428,5,3258.89,12.35
100,48,336,3,2482.13,19.98
101,48,272,5,2281.76,9.12
102,49,460,3,941.51,7.8
103,50,191,3,3871.77,1.42
104,50,181,3,2334.04,4.99
105,51,365,5,1497.71,29.2
106,52,355,2,890.15,3.51
107,52,163,-5,719.72,7.81
108,52,95,2,2856.19,1.04
109,53,177,2,1927.28,16.2
110,53,84,5,1577.64,27.61
111,54,477,4,3865.74,28.43
112,54,476,3,864.66,29.1
113,55,500,5,1723.28,21.16
114,55,243,3,4851.07,22.62
115,55,294,2,4017.92,21.86
116,56,174,1,3685.04,27.01
117,56,72,5,672.69,0.74
118,57,431,2,2285.27,2.77
119,57,29,5,3242.43,17.5
120,57,114,3,1059.01,2.51
121,58,347,1,4881.61,11.83
122,58,252,3,3055.54,15.35
124,60,190,4,1926.87,8.54
125,60,180,3,4889.87,26.23
126,61,111,4,3733.49,12.47
127,62,148,2,4047.8,29.11
128,62,218,4,783.88,17.62
129,63,74,2,1585.83,29.65
130,64,172,1,4672.45,17.72
131,64,193,1,132.43,19.16
132,64,140,4,956.98,13.86
133,65,387,2,1076.36,24.97
134,65,149,5,2503.87,24.68
135,65,155,5,1589.18,16.78
136,66,115,1,3976.98,4.62
137,66,154,4,708.47,19.98
138,67,214,2,2510.24,20.64
139,67,126,1,684.84,8.32
140,68,307,3,2947.22,16.97
141,69,322,4,4873.87,24.55
142,69,192,5,3691.49,0.53
145,71,215,3,338.7,8.75
146,71,328,1,2617.95,22.99
147,72,392,1,3033.94,5.01
148,73,447,3,4151.43,20.55
149,73,155,3,3458.67,20.65
150,74,274,5,1822.98,4.31
151,75,266,3,1927.77,14.55
152,76,472,2,601.85,4.64
153,76,114,2,3996.02,16.76
154,77,426,5,4245.74,21.38
155,77,360,1,2145.0,27.48
156,77,60,2,4624.71,14.39
157,78,354,3,781.17,13.26
158,78,306,5,3841.59,10.26
159,79,156,1,3747.86,3.56
160,79,66,2,3471.43,9.22
161,79,108,2,4907.44,12.74
162,80,40,1,3895.99,22.72
163,81,101,1,260.68,19.79
164,82,31,4,682.72,7.59
165,82,34,-3,3371.17,22.64
166,82,401,1,4608.48,6.16
167,83,95,3,243.37,4.37
168,84,483,3,4749.08,10.44
169,84,83,5,3925.93,18.39
170,84,259,5,434.85,24.59
171,85,271,2,3607.48,28.93
172,86,462,5,121.21,21.76
173,87,472,5,4271.35,14.24
174,88,302,2,2254.36,28.73
175,88,93,3,4908.38,12.72
176,88,264,2,2097.13,22.84
179,90,43,3,2519.19,11.54
180,91,308,3,3466.53,25.23
181,91,116,5,2095.68,29.55
182,92,97,1,4484.3,24.07
183,92,481,3,978.56,29.96
184,93,345,1,2042.21,15.68
185,93,347,1,684.17,11.84
186,94,303,1,3733.02,26.77
187,94,87,1,1882.18,5.97
188,94,103,5,4235.74,12.13
190,96,393,5,3008.88,22.69
191,96,411,4,1844.88,20.0
192,96,487,4,4938.86,15.34
193,97,394,4,629.38,7.52
194,98,119,2,245.65,22.13
195,98,426,1,2540.86,0.8
196,99,196,5,3428.1,4.58
197,100,320,1,3824.84,19.83
198,100,267,4,3984.38,6.06
199,100,339,4,2502.23,7.85
202,102,162,4,2268.53,1.08
203,102,91,5,3331.11,23.38
204,103,85,4,2210.34,9.37
205,103,200,4,3843.65,17.07
206,103,252,5,3458.33,17.17
207,104,288,2,2582.76,11.74
208,104,254,5,4857.27,18.51
209,105,393,3,1670.37,0.84
210,105,24,2,4200.98,10.47
211,106,299,1,3849.45,18.75
212,106,195,1,2197.93,29.76
213,106,211,3,376.6,7.33
215,108,445,3,660.91,5.09
216,109,167,1,2358.46,25.9
217,109,291,5,4516.91,8.0
218,109,357,4,2981.15,29.57
219,110,293,4,1679.86,2.93
220,110,251,1,3485.23,6.18
221,111,258,3,916.47,8.99
222,111,497,4,1088.62,19.06
223,112,431,5,1148.99,7.95
224,113,294,4,4042.55,18.74
225,113,491,1,3616.76,17.35
226,114,173,3,429.62,24.04
227,114,244,4,1127.72,23.87
228,114,334,3,2572.73,9.0
229,115,277,3,1080.38,12.07
230,115,320,5,2320.82,22.9
231,115,93,1,3176.44,15.49
232,116,296,4,1143.47,28.86
233,117,481,4,1412.89,19.14
234,117,415,5,4278.6,27.21
235,117,479,5,3660.41,1.8
236,118,187,4,823.94,4.51
237,119,392,3,4236.2,12.31
238,119,441,1,3206.24,25.38
239,119,137,3,3265.61,7.69
240,120,121,4,1268.57,4.5
241,120,15,2,4005.52,9.32
242,120,249,5,4957.34,12.66
243,121,104,2,1436.29,0.87
244,122,338,5,962.33,25.58
245,122,494,4,3932.95,1.66
247,124,460,3,3391.19,26.57
248,124,204,2,1256.6,17.13
252,126,427,5,3712.46,24.18
253,126,381,2,4683.95,6.54
254,127,90,2,4852.63,13.18
255,128,442,5,374.03,16.0
256,128,359,1,1650.8,12.71
257,129,127,3,4409.22,28.11
258,129,186,4,3606.79,24.64
259,129,11,5,270.57,22.18
260,130,354,2,1339.62,11.54
261,131,491,3,4525.47,20.56
262,131,274,2,4302.47,11.65
263,131,466,4,4644.79,27.54
264,132,47,2,1557.37,25.78
265,132,83,4,3193.63,26.38
266,133,209,1,1442.78,2.4
267,133,400,4,2408.35,12.39
268,133,431,-3,3615.19,26.3
270,135,216,5,3673.23,16.43
271,135,168,4,3506.53,22.86
272,136,329,2,3187.77,23.73
273,136,70,1,2063.24,18.85
274,136,161,5,502.94,4.73
275,137,366,2,4250.11,20.57
276,137,406,3,2312.3,26.21
277,137,69,3,950.05,17.79
278,138,410,3,1073.45,12.43
279,138,94,4,4394.31,28.34
280,139,115,1,4745.74,27.69
281,139,332,5,3170.47,27.21
282,139,499,4,1071.5,21.04
283,140,26,4,3128.22,18.01
284,141,46,3,933.6,17.02
285,142,368,5,2232.28,27.6
286,143,424,4,680.71,21.41
287,143,98,3,1511.01,14.83
288,144,221,2,3040.41,29.86
289,145,373,2,2149.82,12.26
290,145,75,1,1521.95,7.85
291,146,231,2,1911.22,20.53
292,146,235,1,150.57,4.0
293,146,166,4,3465.58,21.4
294,147,217,5,1355.51,2.86
295,147,31,1,1731.03,7.05
296,147,466,3,4984.02,28.18
297,148,364,1,126.27,15.14
298,148,196,3,4889.87,20.14
299,148,68,5,301.51,5.38
300,149,258,4,4658.6,26.34
301,150,46,3,3580.25,12.99
302,151,60,3,316.39,3.84
303,151,447,3,3764.33,27.79
304,152,463,3,3103.36,22.85
305,152,136,5,1633.75,26.78
306,153,378,4,3842.01,4.54
307,153,437,4,360.79,4.46
308,154,94,1,2404.21,4.91
309,155,224,1,4976.49,27.82
310,155,21,4,1846.95,21.27
311,156,235,4,651.21,21.59
312,156,76,1,1813.06,6.11
313,157,93,2,3774.69,24.68
314,157,289,5,1140.74,29.94
315,158,270,5,984.79,27.61
316,159,394,4,3416.85,26.62
317,160,146,1,2031.43,17.71
318,161,429,3,853.5,2.43
319,162,338,4,2324.87,28.66
320,162,305,1,1714.19,1.32
321,162,319,4,1692.09,21.95
322,163,465,5,733.67,25.9
323,163,411,3,1683.54,1.67
324,163,37,5,4764.31,11.44
325,164,131,2,1276.39,23.13
326,164,205,1,200.51,6.25
327,165,400,4,1496.19,22.58
328,165,335,2,690.95,14.73
329,166,377,3,4528.3,18.11
330,166,184,1,4177.06,15.38
331,167,229,4,2434.55,16.89
332,167,217,1,3806.8,24.33
333,168,96,4,3190.36,2.79
334,168,263,3,4869.03,20.29
335,168,332,2,4660.27,15.82
336,169,269,1,1524.44,13.12
337,169,465,4,1571.93,29.53
338,169,351,3,4223.54,15.69
339,170,292,1,2799.87,27.52
340,170,263,1,2602.19,12.39
341,171,339,5,4082.84,10.66
342,171,300,-1,3866.37,0.49
343,172,339,4,979.81,5.47
344,172,202,1,508.12,26.3
345,172,153,3,2977.32,13.65
346,173,231,5,4058.39,10.24
347,173,471,2,1134.24,2.35
348,173,310,3,4370.92,3.19
349,174,10,1,2035.18,0.4
350,174,336,4,2354.8,12.15
351,174,337,5,3656.97,9.08
352,175,185,4,4042.74,2.63
353,175,70,1,1034.93,24.48
354,175,357,2,4309.16,6.28
355,176,75,2,2235.36,18.78
356,176,405,5,1035.48,9.03
357,176,238,2,2422.55,0.65
358,177,463,2,3720.03,13.36
359,178,242,1,4313.0,17.56
360,178,104,3,2890.21,25.02
361,179,171,1,603.05,25.43
362,180,213,4,3711.68,17.88
363,180,284,3,281.38,11.99
364,181,303,5,4682.88,27.15
365,181,445,4,1236.34,1.82
366,181,10,4,2924.38,16.6
367,182,458,4,4456.79,3.51
368,182,319,3,2296.79,13.09
369,183,148,2,2399.28,13.14
370,184,113,5,4554.44,10.17
371,184,309,4,742.68,8.8
372,184,365,4,4803.04,24.99
373,185,335,3,4000.27,23.99
374,185,433,2,3147.03,8.47
375,185,384,1,3368.58,3.87
376,186,81,5,2511.71,23.8
377,187,156,2,1126.22,1.41
378,187,10,3,4416.44,10.71
379,188,90,5,256.65,1.91
380,189,59,5,1210.78,16.86
381,189,250,3,4968.95,23.55
383,191,448,5,3061.02,3.12
384,191,26,4,4015.04,28.88
385,191,387,1,4875.83,23.45
386,192,401,1,4135.69,1.26
387,192,54,2,3186.64,26.13
388,192,467,3,869.46,8.76
389,193,391,5,2542.12,26.11
390,193,79,3,1739.58,4.13
391,194,225,4,3869.17,0.2
392,195,175,3,2574.61,2.56
393,195,191,4,1867.15,19.95
394,196,386,5,2166.44,6.85
395,197,212,4,4500.52,28.56
396,197,265,3,4724.33,13.28
398,199,206,2,2226.95,11.8
399,199,19,2,4522.3,1.73
400,200,366,5,4866.04,12.58
401,200,454,5,4380.38,21.65
402,200,161,3,138.72,8.39
403,201,313,2,3531.45,13.39
404,201,106,5,3159.36,18.55
405,201,227,3,4449.61,23.45
406,202,398,2,4416.78,2.53
407,202,276,3,2010.97,21.57
408,203,267,5,1491.25,2.78
409,204,160,-5,1769.47,19.07
410,204,12,1,4462.56,16.2
411,204,133,2,4177.92,9.12
412,205,259,1,3686.73,25.25
413,205,133,5,1836.92,1.43
414,206,482,1,2298.81,17.17
415,206,3,4,1761.0,7.08
416,206,382,5,2871.43,26.83
417,207,341,5,4238.03,7.02
418,207,154,3,3367.92,24.45
419,207,294,2,3600.32,15.59
420,208,54,3,2630.61,5.78
421,209,233,1,818.11,12.77
422,209,211,1,552.02,12.75
423,210,244,2,2286.2,11.08
424,211,207,5,2838.95,23.36
425,211,447,3,2963.09,19.09
426,211,226,4,3685.41,12.51
427,212,74,5,722.91,21.33
428,213,496,5,4330.03,3.54
429,214,234,4,259.78,4.71
430,215,190,1,3047.84,12.26
431,215,62,3,2901.65,1.21
432,215,79,1,1920.19,29.73
433,216,151,4,237.09,4.29
434,216,402,5,2166.61,28.1
435,217,456,3,1156.35,24.57
436,217,251,1,699.41,10.46
437,218,214,4,2907.99,16.97
438,219,401,4,2428.61,21.6
439,219,311,2,3833.56,15.14
440,220,390,4,3369.38,4.47
441,220,373,3,537.64,18.74
442,221,210,4,1240.83,11.86
443,221,277,1,4794.59,26.7
444,221,377,3,3264.99,25.98
445,222,13,5,3187.54,23.15
446,222,159,5,3261.28,19.32
447,222,44,2,4780.32,16.26
449,224,460,1,689.39,28.09
450,224,93,1,1447.32,6.17
451,224,425,5,2276.72,24.21
455,226,51,5,923.96,4.32
456,227,394,1,855.71,28.56
457,227,348,2,388.68,28.83
458,228,14,1,1560.32,2.96
459,229,212,3,1363.88,28.25
460,230,27,2,1274.15,17.91
461,231,253,5,3786.71,11.55
462,232,138,1,1659.85,16.59
463,233,248,1,2096.72,7.01
464,234,138,5,4821.03,20.25
465,235,391,5,3292.6,3.77
466,236,209,4,511.15,19.07
467,236,105,2,1929.2,29.56
468,236,401,2,2733.92,12.71
469,237,232,1,104.91,13.94
470,237,425,5,1517.32,29.16
471,237,1,1,4674.18,14.47
472,238,129,4,4996.29,25.27
473,238,109,5,4219.35,8.44
474,238,83,5,2859.1,9.02
475,239,358,1,4169.44,21.75
476,239,144,4,1133.17,15.14
477,240,453,3,3212.33,29.39
478,240,363,4,1437.76,19.87
479,241,175,2,2353.02,17.99
480,241,9,2,3267.57,0.06
481,242,3,1,3396.26,12.39
482,242,459,4,3836.08,16.14
483,243,334,1,2739.38,26.78
484,243,418,4,3394.0,10.59
485,243,417,4,4154.59,10.74
486,244,430,1,711.34,11.11
487,245,228,1,1185.45,0.59
488,246,349,3,1038.41,24.49
489,246,321,3,4061.23,6.63
490,247,496,-3,280.3,14.79
491,247,361,5,1124.52,5.88
492,248,203,1,4362.59,17.07
493,248,253,2,2803.75,19.8
494,248,290,5,2869.19,1.96
495,249,382,1,724.41,28.01
496,250,452,5,3671.6,8.23
497,251,12,5,3110.84,20.42
498,251,453,4,109.58,12.81
499,251,345,1,4283.91,9.69
500,252,141,1,3432.85,14.0
501,252,186,5,3819.21,26.51
502,253,25,3,4600.12,15.97
503,254,3,4,1053.58,2.45
504,254,293,1,4952.3,6.77
505,255,217,1,4593.28,5.91
506,255,169,3,407.94,18.76
507,255,15,4,2216.55,0.72
508,256,479,3,4218.49,7.41
509,256,243,2,4798.13,24.98
510,256,421,3,2646.41,7.1
511,257,398,5,3135.88,22.92
515,259,29,3,3092.62,12.96
516,259,53,1,2840.36,8.85
517,260,206,1,3124.78,12.33
518,260,443,5,3958.63,18.72
519,261,197,4,3996.31,26.4
520,261,318,1,1764.12,28.13
521,262,233,5,1708.15,5.77
522,263,7,5,3595.17,17.79
523,264,464,5,717.31,15.27
524,265,216,4,3650.65,13.34
525,265,125,2,4005.43,1.81
526,266,300,4,2614.32,19.55
527,266,184,3,2959.96,16.23
528,267,76,4,1612.5,10.29
529,268,497,1,2636.63,19.73
530,268,75,1,1263.2,24.58
531,269,440,1,2168.1,5.86
532,269,103,2,3947.79,10.25
533,269,342,4,3504.43,29.46
534,270,355,3,4274.84,16.98
535,270,172,5,1568.19,9.86
536,270,54,4,4392.92,27.32
537,271,113,1,3229.96,20.8
538,271,239,5,1144.38,14.42
539,272,414,-4,1106.05,5.53
540,272,4,3,148.47,10.74
541,273,59,2,1523.82,5.83
542,273,300,3,315.13,0.89
543,273,102,3,953.32,26.56
544,274,90,3,4252.92,7.38
545,274,101,1,962.78,7.85
546,274,52,1,4174.08,4.12
547,275,404,1,1758.08,6.31
548,275,234,2,1911.24,11.17
549,275,88,5,4887.8,29.93
550,276,450,1,680.62,26.48
551,276,67,2,1039.24,11.35
552,277,163,5,2204.75,19.08
553,277,472,1,3839.1,17.62
554,278,151,-2,1705.63,1.6
555,278,408,3,4376.97,25.55
556,278,496,5,4440.59,6.28
557,279,402,4,3975.89,18.45
558,280,261,4,3781.41,19.35
559,281,192,-4,2642.57,5.37
560,281,365,3,2674.83,14.5
561,281,490,4,2421.41,17.44
562,282,472,5,3283.71,6.22
563,282,459,2,2315.19,7.03
564,282,112,3,2182.61,11.31
565,283,479,3,1347.19,2.54
566,284,152,4,2642.22,6.91
567,285,239,5,3143.52,12.78
568,286,222,4,1900.81,14.93
569,286,140,4,221.12,13.25
570,287,331,1,1859.56,2.47
571,287,432,5,2612.68,19.31
572,288,475,2,582.2,2.14
573,288,20,5,1081.5,5.9
574,289,129,3,3751.54,23.05
575,289,433,3,1034.15,18.12
576,290,438,5,4570.67,0.26
579,292,263,2,4340.78,6.83
580,292,371,2,2424.75,15.47
581,292,403,5,3812.34,21.68
582,293,175,1,1634.07,5.64
583,293,395,4,1126.97,13.5
584,294,16,3,780.86,26.21
585,294,157,1,2549.02,19.77
586,294,182,3,1204.9,12.77
587,295,391,5,1568.22,17.61
588,295,291,1,4618.51,4.61
589,296,291,5,4577.39,17.22
590,296,201,4,1100.6,11.72
591,297,198,2,2426.41,9.87
592,297,493,4,3231.12,9.14
593,297,88,1,3406.94,5.33
594,298,309,4,231.51,5.97
595,298,467,4,1490.71,6.99
596,298,338,5,442.9,1.72
597,299,6,2,1701.18,27.29
598,299,201,2,4949.02,3.87
599,299,215,4,3741.4,11.67
600,300,67,2,1617.81,24.54
601,301,244,2,3058.18,28.17
602,301,301,2,2562.13,20.55
603,301,142,2,136.47,4.28
604,302,423,4,3063.76,7.41
605,303,467,5,4408.27,13.81
606,303,295,1,3712.72,8.64
607,304,178,3,2016.34,24.7
608,304,436,2,2133.76,5.39
609,305,376,4,2343.36,27.32
610,305,94,5,568.12,20.96
611,305,23,2,4439.15,4.74
612,306,276,3,3366.62,2.0
613,306,372,2,4552.81,12.34
614,306,391,5,694.03,11.06
615,307,259,3,2109.47,4.95
616,308,260,1,2364.62,2.2
617,309,346,4,1967.66,22.38
618,309,439,2,2043.7,0.32
619,309,59,2,1702.84,22.46
620,310,237,-1,504.49,19.71
621,310,366,4,787.25,24.61
622,311,88,1,3074.24,5.32
623,312,274,4,925.42,20.14
624,313,347,3,852.13,10.74
625,314,366,1,4474.17,15.97
626,315,357,1,4198.86,24.35
627,315,329,1,2014.03,9.25
628,316,307,-1,338.46,11.32
629,317,476,2,1935.76,7.16
630,318,9,4,236.93,0.44
631,319,349,1,1180.78,26.47
632,320,86,2,315.66,15.38
633,320,418,3,1681.13,18.8
634,320,320,2,4678.2,11.85
635,321,62,2,1147.52,10.7
636,321,89,1,2070.48,9.49
637,322,109,4,1178.47,19.74
638,322,143,5,1908.0,2.02
639,323,211,3,3860.97,14.99
640,324,365,5,3977.17,27.67
641,325,88,3,4799.27,18.0
642,325,324,4,3421.71,29.17
643,325,356,2,1727.03,19.06
644,326,163,4,430.82,0.53
645,326,467,5,2299.67,15.33
646,326,380,2,2566.76,21.14
647,327,120,1,3120.11,26.9
648,328,122,4,3810.5,18.59
649,328,31,2,1935.17,8.9
650,329,193,2,3245.99,7.14
651,330,307,4,3722.35,9.86
652,330,143,3,3253.65,22.81
653,330,267,-4,3275.43,8.65
654,331,118,3,1779.37,6.17
655,332,465,2,4027.11,20.89
656,333,312,4,2655.21,5.51
657,334,4,1,4362.35,2.1
658,334,99,1,3208.4,4.25
659,334,105,2,549.62,17.78
660,335,121,5,483.01,21.75
661,336,85,2,1300.13,5.29
662,336,128,3,1498.23,13.45
663,337,104,3,4325.89,14.44
664,337,487,3,2051.4,5.03
665,337,226,4,2575.93,22.05
666,338,420,4,197.07,11.44
667,339,389,3,3016.4,4.58
668,340,90,3,1964.21,9.18
669,340,146,4,2854.5,14.43
670,340,171,2,3602.83,5.87
671,341,3,1,4322.11,21.91
672,342,252,4,4635.89,28.21
673,342,497,3,1981.78,9.23
674,343,37,4,4436.5,29.77
675,343,64,4,4667.43,4.87
676,343,391,4,4789.77,23.14
677,344,179,5,3574.73,19.05
678,344,189,1,3289.44,27.8
679,344,377,2,1287.53,1.04
680,345,324,1,3517.61,19.36
681,345,134,5,2331.81,20.43
682,346,127,-5,2933.87,19.88
683,346,83,1,671.98,2.77
684,347,470,4,2048.57,17.58
685,347,462,1,2640.83,5.66
686,347,217,2,4165.77,7.59
687,348,257,5,3326.58,11.48
688,348,158,-4,3787.07,27.73
689,349,56,5,3905.79,10.33
690,350,138,2,4657.08,11.94
691,351,4,2,4100.31,0.05
692,351,36,-4,2672.31,19.64
693,352,221,2,964.37,5.59
694,352,69,2,2483.71,15.08
695,352,57,4,2878.75,6.38
696,353,31,2,4064.98,5.76
697,354,226,5,635.06,19.09
698,354,41,3,519.96,3.74
699,355,176,1,2969.67,14.34
700,356,390,1,146.58,7.98
701,356,490,1,3360.08,23.68
702,356,22,1,1134.23,23.75
703,357,309,5,4935.79,22.84
704,357,478,4,2418.84,10.11
705,358,173,3,3441.11,10.29
706,358,162,2,4710.86,19.95
707,359,313,1,4878.99,26.19
708,359,413,1,115.11,26.12
711,361,189,4,3129.92,19.77
712,362,264,4,3335.12,0.09
713,362,327,3,181.49,10.81
714,363,497,3,3421.85,7.01
715,364,205,5,3990.41,10.45
716,364,481,4,4935.67,25.71
717,365,376,4,1539.93,5.85
718,366,446,5,4393.55,23.55
719,367,259,1,726.52,23.9
720,367,155,5,4937.38,14.0
721,367,459,4,4779.75,14.47
722,368,124,2,1137.04,22.6
723,368,338,1,616.8,29.8
724,368,15,2,4652.12,9.8
725,369,393,3,1179.84,7.73
726,369,244,1,3360.83,27.68
727,370,372,4,543.16,20.75
728,370,447,2,4665.72,22.99
729,370,308,1,3255.53,11.31
730,371,381,4,3304.21,23.55
731,371,495,4,4061.39,6.71
732,371,60,3,529.63,2.67
733,372,304,2,3748.63,3.48
734,372,189,2,4281.32,28.62
735,372,296,1,1622.91,17.7
736,373,434,4,4901.26,9.59
737,374,409,2,2646.78,18.05
738,374,114,1,2037.03,16.15
739,375,162,2,4099.13,8.9
740,375,113,4,3431.91,4.42
741,376,75,1,3034.51,9.27
742,376,353,1,1439.92,25.43
743,377,245,2,2525.63,21.12
744,377,193,1,4907.6,9.99
745,377,424,2,4255.54,28.03
746,378,359,1,4623.47,23.28
747,379,373,4,1565.6,24.45
748,379,468,2,4956.21,16.44
749,380,217,4,4952.54,22.73
750,380,201,1,2686.44,8.49
751,381,473,2,3535.43,16.44
752,381,50,-2,1684.75,23.74
753,381,444,1,4264.07,21.29
754,382,336,2,2928.07,13.26
755,382,248,3,4496.37,6.29
756,383,101,1,1874.91,25.68
757,383,53,2,1945.12,29.48
758,383,348,2,4637.33,2.88
759,384,92,1,675.0,15.46
760,384,174,5,2225.73,4.46
764,386,338,1,3910.88,25.95
765,386,333,4,1448.56,19.6
766,386,189,1,688.0,2.48
767,387,329,5,1202.18,17.61
768,387,294,4,1441.25,22.36
769,388,93,-4,2472.54,19.34
770,388,223,3,2899.97,2.98
771,388,33,5,1005.96,24.39
772,389,202,5,4105.57,23.5
773,390,251,1,2642.62,17.54
774,390,366,1,3792.19,6.22
775,390,338,1,985.25,17.97
776,391,3,5,2291.44,9.43
777,392,66,5,1110.53,4.84
778,393,132,1,514.59,3.74
779,393,153,-3,4834.75,5.15
780,393,484,-1,1316.85,1.38
781,394,464,3,3329.87,13.35
782,394,296,4,3506.0,15.68
783,394,181,5,2737.23,6.3
784,395,340,1,1261.79,5.64
785,396,439,2,4791.37,18.06
786,396,111,5,1859.42,3.85
787,397,217,1,2794.26,7.82
788,397,333,2,2060.29,2.5
789,397,131,4,4706.98,4.3
790,398,37,3,4977.26,20.9
791,399,366,3,2861.85,19.43
792,400,310,2,2156.46,4.6
793,400,404,4,1956.82,28.92
794,400,127,1,1423.61,15.94
795,401,281,4,423.2,19.21
796,401,186,-3,3912.55,4.39
797,401,409,2,1440.87,2.94
798,402,194,1,3935.39,3.71
799,403,373,3,2985.25,24.2
800,403,49,5,1809.61,17.16
801,403,145,5,1428.16,2.97
802,404,88,3,4737.9,11.69
803,405,413,5,2803.19,26.46
804,405,207,4,3002.32,7.77
805,406,263,2,3322.06,4.28
806,406,291,3,359.04,21.76
807,406,499,3,3566.76,7.47
808,407,215,4,997.21,29.59
809,407,409,4,2560.92,8.27
810,407,220,5,4714.22,26.44
811,408,157,1,4742.53,12.2
812,409,433,1,3209.92,2.3
813,409,123,1,909.05,1.72
814,410,147,5,4654.99,24.25
815,410,6,4,3417.46,27.97
816,410,70,4,2539.25,20.55
817,411,455,5,3519.62,12.16
818,411,316,2,4563.34,22.38
819,411,366,4,3542.7,22.49
820,412,379,5,3451.98,1.27
821,413,494,2,3405.16,26.46
822,413,269,2,956.59,11.01
823,414,264,3,4767.17,12.68
824,415,88,3,4851.67,10.14
825,415,348,2,4175.46,25.52
826,416,149,3,2467.31,7.94
827,417,378,5,2028.75,27.69
828,418,264,1,4683.53,26.77
829,418,435,4,381.73,0.18
830,418,236,3,1561.92,3.21
831,419,456,2,2070.13,0.27
832,419,221,4,1067.97,15.87
833,420,211,1,4574.23,0.21
834,421,129,-2,2406.42,11.23
835,421,187,4,4471.75,16.09
836,421,138,1,4947.91,19.69
839,423,203,4,3745.23,27.03
840,424,342,2,4747.04,28.79
841,425,61,4,2496.43,14.87
842,425,350,2,1691.95,22.93
843,426,257,4,743.95,28.73
844,426,406,1,718.01,10.32
845,427,393,2,355.0,24.9
846,428,500,5,3713.41,13.03
847,428,149,3,2481.05,22.83
848,429,317,2,3673.32,5.61
849,430,393,1,4334.42,29.83
850,430,127,4,1072.22,21.19
851,431,359,5,3094.39,5.66
852,432,323,2,1223.98,3.97
853,432,20,3,4952.95,27.87
854,432,219,1,3120.69,2.73
855,433,195,4,2672.36,21.0
856,434,114,3,2187.77,1.84
857,435,330,1,1591.02,8.08
858,435,144,3,3586.77,7.41
859,436,94,1,102.63,19.81
860,437,109,3,2413.09,27.25
861,437,52,4,1005.72,28.45
862,438,172,3,646.49,20.07
863,438,350,5,3875.27,3.91
864,439,380,3,3740.37,17.67
865,439,310,3,1267.44,8.28
866,440,197,1,4447.25,3.91
867,440,381,5,689.74,17.6
868,440,468,2,1045.34,13.37
869,441,39,5,3133.15,9.04
870,442,390,-2,2714.43,4.61
871,442,66,2,2149.24,21.35
872,443,500,3,4485.07,13.45
873,443,368,1,4563.16,2.03
874,443,215,5,4663.53,15.12
875,444,86,5,1443.33,29.02
876,445,24,5,397.89,29.17
877,445,98,4,2525.63,15.97
878,446,498,1,911.04,22.52
879,446,197,5,3918.92,12.03
880,446,140,2,1001.93,4.8
881,447,304,1,4407.86,23.72
882,448,258,5,1368.29,25.57
883,448,152,3,2805.54,5.13
884,449,274,2,1530.03,19.19
885,450,475,2,1425.13,23.72
886,450,329,2,4948.73,6.3
887,451,1,-3,3200.15,29.17
888,452,43,5,1393.79,4.01
889,452,460,5,1544.99,29.56
890,453,418,1,4137.27,6.58
891,453,495,3,966.0,29.15
892,453,276,5,621.57,22.37
893,454,485,3,4363.13,19.03
894,454,283,2,4102.55,6.62
895,455,105,5,3186.02,25.75
896,455,203,2,2285.67,21.89
897,456,189,2,4520.62,2.81
898,456,93,4,1006.64,25.87
900,458,11,3,898.3,5.33
901,458,202,5,1020.46,4.31
902,459,126,4,4554.74,29.11
903,459,52,5,772.73,22.51
904,460,309,1,1951.59,0.62
905,461,391,1,747.68,23.1
906,462,74,5,166.13,28.99
907,462,491,1,2757.61,24.55
908,463,44,2,782.23,22.79
909,463,457,4,4095.78,9.22
910,463,246,2,1294.66,16.31
911,464,322,5,703.07,24.75
912,464,53,5,1554.02,15.35
913,465,73,1,4569.62,0.72
914,465,219,4,822.14,19.66
915,466,472,4,3465.15,21.45
916,467,252,2,4954.76,6.74
917,468,183,1,3116.91,3.55
918,468,473,1,4488.37,18.14
919,469,220,5,1740.74,5.44
920,470,77,-3,3161.32,8.61
921,470,449,1,1428.36,14.98
922,471,478,3,4072.53,21.34
923,471,40,1,4322.4,29.34
924,472,76,3,824.12,13.4
925,472,408,4,4091.78,3.39
926,472,219,3,808.87,9.69
927,473,94,4,1827.78,14.83
928,474,356,4,3048.54,19.1
929,474,71,2,1977.61,16.48
930,475,274,4,2709.12,24.64
931,475,197,1,2946.72,12.66
932,475,296,2,3545.16,7.06
933,476,105,1,1875.75,14.22
934,477,472,1,391.93,10.48
935,478,151,4,806.29,25.6
936,479,125,2,4156.33,1.68
937,479,71,1,4814.05,21.12
938,480,376,1,3511.0,12.74
939,480,28,-1,3347.46,2.21
940,481,446,2,247.91,10.96
941,481,41,2,477.62,17.08
942,481,417,4,833.61,5.47
943,482,72,5,3522.96,8.99
944,482,211,3,2275.47,19.35
945,482,7,3,645.21,1.8
946,483,17,5,3780.55,15.1
947,483,6,4,4180.13,20.4
948,483,449,4,2815.36,24.89
949,484,257,3,3575.83,12.71
950,484,81,3,4868.3,15.65
951,484,487,2,3741.36,12.01
952,485,113,4,1000.1,22.38
953,486,310,1,4101.14,14.05
954,486,161,4,4153.54,4.94
955,486,412,3,3268.57,5.84
956,487,54,1,1877.24,23.36
957,488,15,2,1482.81,16.25
958,488,34,2,3025.84,22.7
959,489,97,5,1088.46,27.88
960,489,124,3,516.69,17.1
961,490,289,4,323.84,9.44
962,491,5,3,3783.23,28.76
963,491,257,-2,1640.91,11.72
964,492,499,2,3543.02,2.92
965,492,209,5,594.91,24.22
966,493,13,5,4000.74,14.31
967,494,149,2,842.54,13.89
968,495,48,2,4433.57,24.22
969,495,335,2,3867.25,4.83
970,495,494,5,2629.87,21.86
971,496,268,3,2292.65,3.94
972,496,149,3,3155.01,28.2
973,496,21,4,1271.64,29.91
974,497,39,2,2877.81,29.83
975,497,50,1,798.85,26.11
976,497,281,1,2544.67,13.64
977,498,479,3,891.22,8.4
978,499,181,1,448.56,21.32
979,499,236,3,4932.1,29.35
980,500,333,2,4705.16,29.15
981,500,250,1,1881.01,8.6
982,501,439,5,4593.99,3.87
983,501,188,5,4239.69,28.56
984,502,43,4,2579.12,7.88
985,502,449,1,3141.01,19.32
986,503,405,2,3528.75,16.82
987,503,80,1,1524.24,4.75
988,503,205,1,1192.95,26.22
989,504,48,3,2382.8,19.27
990,504,461,4,634.68,5.41
991,504,56,4,3864.26,5.98
992,505,34,3,1777.88,18.13
993,505,109,4,660.2,13.64
994,506,80,4,813.02,6.4
995,506,291,1,4940.27,23.23
996,506,32,3,3968.84,29.36
997,507,28,2,4353.3,28.58
998,508,217,3,1335.15,5.28
999,508,73,1,1442.14,2.45
1000,508,448,4,4369.32,15.74
1001,509,458,3,1001.98,1.61
1002,509,459,4,1775.89,22.6
1003,509,85,-2,1811.45,12.57
1004,510,275,2,4831.39,13.1
1005,510,468,5,2006.78,0.3
1006,511,102,1,3641.35,17.35
1007,511,75,3,3353.91,24.71
1008,511,376,3,169.52,26.9
1009,512,256,3,656.67,29.1
1010,513,135,5,3639.2,29.65
1011,513,483,2,3208.04,19.17
1012,514,50,1,1171.25,29.37
1013,514,216,5,3894.48,18.03
1014,514,111,3,1127.84,5.73
1015,515,296,1,1914.26,10.91
1016,515,155,3,2560.22,26.03
1017,515,359,4,3279.67,13.68
1018,516,181,3,4158.11,12.78
1019,516,499,3,655.56,5.27
1020,517,192,2,2808.49,4.88
1021,517,224,4,1496.64,19.79
1022,518,224,3,3540.25,28.14
1023,518,464,1,4977.28,24.18
1024,518,54,1,3283.16,18.49
1025,519,54,4,3774.72,18.71
1026,519,279,1,3204.27,15.1
1027,520,342,3,4273.36,6.36
1028,521,283,4,661.06,25.69
1029,521,487,1,1818.01,23.81
1030,522,212,4,137.27,11.24
1031,522,115,5,1489.66,26.39
1032,523,158,4,3399.17,0.12
1033,523,466,4,260.11,0.79
1034,524,431,5,4118.17,18.0
1035,524,172,2,4799.89,29.78
1036,525,285,4,1044.04,19.33
1037,526,411,5,2202.6,28.18
1038,527,373,2,2075.28,9.54
1039,527,82,4,1231.75,21.3
1040,528,259,1,3194.06,23.53
1041,529,470,3,4202.96,4.77
1042,529,166,2,556.95,0.77
1043,529,6,5,849.94,18.54
1044,530,472,1,2901.79,0.76
1045,530,376,2,4918.73,19.03
1046,530,399,3,1014.12,19.58
1047,531,153,2,2723.54,7.36
1048,532,395,3,3330.36,8.25
1049,532,479,2,3174.45,19.15
1050,533,444,-1,643.56,27.82
1051,533,63,1,794.99,7.86
1052,533,93,1,479.17,25.34
1053,534,201,1,2506.08,0.66
1054,535,250,1,1130.45,12.6
1055,536,325,4,4061.89,5.39
1056,536,6,2,3332.37,18.94
1057,537,61,3,4969.32,14.52
1061,539,59,2,244.54,4.16
1062,539,43,2,1411.19,14.45
1063,540,179,5,3294.43,14.01
1064,541,224,5,4737.09,27.67
1065,541,129,2,1069.59,25.38
1066,542,144,-4,604.18,23.79
1067,542,301,3,911.7,6.17
1068,542,370,4,2224.01,13.38
1069,543,383,3,4097.87,18.69
1070,543,311,4,2203.63,17.01
1071,543,192,1,2302.08,26.68
1072,544,130,5,2108.06,18.12
1073,544,450,5,1826.04,0.9
1074,544,93,3,2204.0,5.58
1075,545,38,2,3319.08,11.16
1076,546,63,1,1661.09,0.33
1077,546,169,2,2380.35,23.86
1078,547,288,1,1989.4,18.05
1079,548,112,1,2848.7,21.49
1080,548,485,1,2912.35,19.39
1081,548,350,4,1657.14,9.6
1082,549,26,4,2543.39,29.71
1083,550,62,1,2318.65,18.04
1084,550,303,4,1258.47,0.64
1085,551,330,5,4940.98,27.35
1086,552,68,4,281.34,16.0
1087,552,271,1,1753.21,0.49
1088,553,49,4,3643.94,8.24
1089,553,386,3,2061.69,16.69
1090,554,253,5,330.66,8.95
1091,554,233,4,4258.49,29.01
1092,555,432,3,4694.75,3.08
1093,556,25,1,779.8,29.81
1094,557,371,4,1209.07,2.64
1095,557,371,3,4099.12,16.13
1096,557,3,1,1372.47,23.55
1097,558,25,3,467.71,9.88
1098,559,406,4,1422.57,5.11
1099,559,71,5,2357.4,3.79
1100,559,442,2,3789.87,26.63
1101,560,327,4,3374.35,15.65
1102,560,124,5,2441.84,14.7
1105,562,338,2,3505.33,2.25
1106,563,31,2,164.33,6.48
1107,563,420,4,1020.8,3.14
1108,564,417,5,3831.85,15.42
1109,565,390,3,3571.71,19.66
1110,565,435,5,617.74,3.9
1111,566,198,4,4352.51,15.4
1112,566,400,4,1020.97,8.34
1113,567,352,3,4762.32,17.32
1114,568,76,4,4393.36,22.35
1115,569,9,4,1016.45,0.86
1116,570,272,4,1824.59,3.55
1117,570,282,1,1836.69,6.36
1118,570,204,5,2211.16,10.01
1119,571,140,3,579.28,19.46
1120,571,375,4,1050.26,5.68
1121,572,305,3,2694.86,14.81
1122,573,56,1,3267.09,28.77
1123,573,113,1,360.38,1.07
1124,574,123,1,2707.45,8.26
1125,574,452,5,3527.61,12.14
1126,575,52,2,3696.23,26.39
1127,575,138,4,1107.96,23.57
1128,576,327,3,3558.68,8.64
1129,576,2,1,1006.89,27.23
1130,577,245,-3,4277.56,20.64
1131,577,88,3,3439.07,5.0
1132,577,171,4,794.98,0.38
1133,578,220,3,202.05,29.23
1134,578,452,1,936.55,22.81
1135,579,305,3,4850.75,17.49
1138,581,269,5,919.79,4.4
1139,582,52,3,4039.07,10.07
1140,583,377,3,4949.99,7.72
1141,583,250,3,1885.02,0.41
1142,584,155,3,4467.72,23.24
1143,584,439,5,2473.34,8.1
1144,585,373,1,824.71,12.31
1145,585,113,2,1850.25,0.93
1146,585,296,4,1861.16,22.33
1147,586,472,4,3229.8,28.96
1148,587,348,5,4506.18,13.48
1149,587,491,5,957.27,27.31
1150,587,179,3,2016.03,12.52
1151,588,159,2,301.39,15.6
1152,588,176,5,702.51,23.86
1153,589,496,3,1513.2,29.08
1154,589,256,2,2384.96,4.51
1155,589,495,3,3156.6,19.93
1156,590,250,3,416.62,8.84
1157,590,233,1,1164.89,24.76
1158,591,28,4,1598.53,12.91
1159,592,428,1,344.52,4.13
1160,592,450,3,3947.79,15.06
1161,592,491,5,859.68,2.58
1162,593,74,2,2217.05,27.55
1163,593,149,2,257.47,27.99
1164,594,416,4,2170.56,29.01
1165,595,458,3,4608.95,17.91
1166,596,289,4,3426.72,9.67
1167,597,72,2,1325.1,12.49
1168,597,103,3,1594.48,8.92
1169,597,475,4,2774.57,11.28
1170,598,50,2,2680.2,20.82
1171,598,258,3,2395.06,12.83
1172,599,493,4,2360.29,27.38
1173,599,14,4,533.3,4.22
1174,600,403,2,2943.58,11.19
1175,600,318,-5,4509.57,26.33
1176,601,387,4,717.09,20.1
1177,602,414,5,2355.08,1.63
1178,602,29,3,4166.48,19.5
1179,603,305,1,4127.51,16.96
1180,603,354,3,4335.14,3.64
1181,604,346,5,3722.88,1.59
1182,604,105,5,806.34,22.21
1183,604,254,2,1195.36,20.27
1184,605,155,3,3623.8,28.1
1185,606,320,2,662.07,0.0
1186,606,310,1,2647.13,7.42
1187,607,243,1,4180.36,13.31
1188,608,475,1,1569.63,14.51
1190,610,349,4,4310.64,18.51
1191,610,222,2,3217.37,5.54
1192,610,420,2,936.8,22.25
1193,611,103,4,2454.29,8.68
1194,611,52,5,2515.52,20.03
1195,611,201,4,3518.5,3.22
1196,612,417,4,826.02,8.5
1197,612,62,5,2008.2,17.42
1198,613,331,5,2277.95,27.24
1201,615,108,3,4522.5,15.75
1202,615,263,1,955.03,4.54
1203,615,336,5,1762.53,21.46
1204,616,143,3,4625.04,2.05
1205,617,248,4,4816.52,18.18
1206,617,93,5,3571.65,15.21
1207,617,338,5,1370.21,20.93
1208,618,490,5,1805.67,18.52
1209,618,207,1,320.15,25.56
1210,618,82,2,573.05,3.19
1211,619,244,3,3823.56,29.44
1212,619,414,2,616.62,26.42
1213,619,373,4,3803.49,12.6
1215,621,38,4,3840.42,18.2
1216,621,431,1,4625.4,9.63
1217,621,358,4,1950.38,29.67
1218,622,285,2,1059.02,14.73
1219,622,348,3,1204.93,22.26
1220,622,223,5,4062.49,5.77
1221,623,13,1,1097.34,24.3
1222,623,458,1,1861.85,12.24
1223,623,280,1,1769.49,20.47
1224,624,329,5,2531.26,24.97
1225,624,293,4,2554.17,10.69
1226,624,461,5,4281.77,24.05
1227,625,219,4,4382.49,17.07
1228,625,66,5,1561.31,3.54
1229,626,27,5,2748.64,0.68
1230,627,473,3,2013.09,10.74
1231,627,447,2,4843.76,2.24
1232,628,124,5,4665.86,15.0
1233,628,205,5,377.58,20.93
1234,628,57,5,2407.8,27.52
1235,629,335,1,258.15,12.64
1236,629,103,3,4451.34,1.78
1237,630,281,3,4628.45,19.9
1238,631,121,4,457.27,28.44
1239,632,360,1,1794.64,2.12
1240,632,214,5,3722.52,27.88
1241,632,455,5,2445.98,3.88
1242,633,22,1,274.44,15.23
1243,633,333,3,2214.43,9.1
1244,633,436,2,205.07,1.66
1245,634,274,5,4315.44,20.46
1249,636,181,2,1781.32,27.54
1250,636,122,2,550.75,0.3
1251,637,383,5,2883.44,29.73
1252,637,8,2,4081.85,2.3
1253,638,225,2,1484.72,9.42
1254,639,336,2,4990.64,3.89
1255,639,204,4,3322.16,19.7
1256,639,40,3,4698.01,6.18
1257,640,377,3,4498.44,25.76
1258,640,228,3,4712.99,23.41
1259,640,150,2,2681.54,8.03
1260,641,278,5,611.45,10.4
1261,641,211,5,2482.42,2.35
1262,641,467,2,4222.98,15.63
1263,642,380,5,1132.77,11.17
1264,642,418,2,275.75,7.05
1265,643,333,4,4769.92,0.64
1266,643,429,1,1424.46,17.65
1267,644,424,1,392.63,25.64
1268,644,197,4,192.36,11.48
1269,645,23,2,1108.08,5.53
1270,645,221,5,356.07,9.15
1271,646,391,3,4692.4,27.3
1272,646,387,3,4621.22,27.22
1273,646,415,5,1161.07,0.82
1274,647,425,5,2226.97,12.83
1275,647,374,1,4056.24,16.6
1276,647,488,3,4306.72,28.14
1277,648,218,5,3624.18,23.07
1278,648,134,2,4805.49,14.02
1279,649,68,-1,1475.43,20.48
1280,650,44,2,3879.56,8.87
1281,650,293,4,289.17,8.23
1282,651,338,3,3933.89,24.31
1283,651,312,1,709.1,17.05
1284,652,429,3,4253.2,13.31
1285,652,9,4,143.47,1.11
1286,653,246,5,1167.43,1.76
1287,653,481,1,1454.58,18.31
1290,655,323,2,819.82,18.54
1291,656,120,1,3307.54,5.53
1292,657,441,4,2941.46,1.26
1293,657,368,2,397.98,21.44
1294,657,133,3,178.98,25.35
1295,658,277,1,3042.84,10.49
1296,658,40,5,2274.68,15.33
1297,659,105,3,2894.79,24.87
1298,660,213,1,3245.25,26.28
1299,660,74,1,1700.05,23.64
1300,660,172,4,4497.22,11.24
1301,661,319,1,885.53,1.34
1302,661,477,2,4568.18,0.77
1303,662,109,3,2602.9,23.43
1304,662,261,5,3592.92,28.2
1305,662,194,5,259.74,21.79
1306,663,391,1,4780.38,28.76
1307,663,115,5,2567.13,17.23
1311,665,429,5,1536.02,7.32
1312,666,410,3,1231.36,9.44
1313,667,355,2,2280.54,28.73
1314,668,186,1,1824.72,15.17
1315,668,469,3,3301.32,18.16
1316,669,403,4,1225.84,24.83
1317,669,65,5,1300.23,27.28
1318,670,300,2,3067.17,23.88
1319,670,175,3,678.02,12.26
1320,670,259,2,2922.46,18.98
1321,671,461,2,4394.39,0.47
1322,672,215,3,3851.0,21.34
1325,674,264,5,4601.25,27.13
1326,675,66,4,3514.95,7.24
1327,675,151,1,1750.36,24.74
1328,676,303,5,3121.49,29.82
1329,676,24,1,3719.87,10.65
1330,677,467,-4,3191.08,22.22
1331,677,224,3,3812.53,21.0
1332,678,94,5,4590.08,28.1
1333,678,43,2,4488.44,17.81
1334,678,190,4,1958.94,13.16
1335,679,370,5,1468.57,23.19
1336,679,119,3,2517.14,1.45
1337,679,266,5,2941.16,25.32
1338,680,147,3,1981.93,22.72
1339,680,489,2,305.48,28.35
1340,681,108,4,2643.76,17.25
1341,681,316,3,587.39,8.54
1342,681,61,3,1441.86,13.17
1343,682,148,3,4945.15,22.6
1344,683,342,3,790.92,6.21
1345,684,387,-2,234.02,27.08
1346,684,492,5,2735.79,5.85
1347,684,251,1,1910.75,8.46
1348,685,219,4,2652.38,24.93
1349,685,152,1,3609.63,27.58
1350,685,62,4,4455.51,14.8
1351,686,443,-2,4966.08,21.95
1352,687,496,3,4037.84,22.33
1353,688,373,1,1702.87,15.21
1356,690,478,5,1655.88,25.24
1357,691,429,1,4750.99,18.82
1358,691,126,2,2973.08,26.16
1359,691,113,2,1399.9,4.54
1360,692,376,4,1484.74,5.96
1361,693,487,5,4300.07,22.48
1362,694,223,1,2504.39,18.34
1363,695,92,1,2148.98,7.89
1364,695,195,5,1250.11,10.46
1365,695,272,2,4401.66,25.22
1366,696,343,4,2502.09,18.9
1367,696,307,3,2762.73,8.86
1368,697,58,3,2156.01,13.42
1369,698,340,4,667.51,13.94
1370,699,339,1,1803.14,11.94
1371,699,66,4,4216.59,25.92
1372,700,211,2,241.92,8.04
1373,700,111,4,397.94,23.15
1374,700,134,3,2115.02,24.27
1375,701,205,3,4570.61,8.05
1376,701,373,2,1765.22,24.56
1379,703,313,3,733.16,16.19
1380,703,487,1,4031.82,2.71
1381,703,361,3,4569.92,23.01
1382,704,33,1,2641.38,10.86
1383,704,102,2,4206.93,11.87
1384,704,368,2,1521.92,4.84
1385,705,170,4,1156.51,22.0
1386,705,482,1,276.77,0.6
1387,706,53,5,2049.89,14.55
1388,706,81,3,1577.19,6.9
1389,706,396,2,265.51,22.5
1390,707,336,4,742.85,22.22
1391,707,139,1,474.98,15.14
1392,708,391,4,198.76,22.28
1393,708,278,5,4602.98,2.87
1394,708,302,4,1051.99,18.17
1395,709,402,3,2183.25,22.3
1396,709,155,3,2348.64,2.99
1397,710,296,4,1945.25,12.89
1398,710,114,4,2848.88,14.5
1399,710,465,5,2582.31,11.47
1400,711,373,4,4762.14,22.88
1401,711,366,1,2316.12,17.34
1402,712,204,2,2290.72,14.3
1403,713,330,3,1728.93,24.29
1404,714,49,5,929.35,25.94
1405,715,304,2,511.06,12.1
1406,715,430,4,2664.69,25.19
1407,716,31,4,1334.92,9.34
1408,717,428,2,278.9,20.67
1409,717,307,4,4370.0,8.04
1410,718,387,5,3994.01,16.37
1411,719,492,2,1677.01,21.27
1412,719,264,5,4307.4,29.78
1413,720,472,1,2185.94,2.33
1414,721,388,1,894.26,22.44
1415,722,102,4,4361.77,3.41
1416,723,254,2,3168.21,15.74
1417,723,72,5,2148.92,0.28
1418,724,223,3,3627.72,26.41
1419,725,268,3,3113.99,11.15
1420,725,333,2,793.44,15.7
1422,727,129,4,2368.11,28.09
1423,727,475,2,904.77,21.45
1424,727,243,-1,1656.67,5.38
1425,728,35,1,1628.02,5.63
1426,728,356,1,2734.88,9.93
1427,729,320,4,3012.83,2.0
1428,730,287,-2,1790.29,0.42
1429,730,99,3,1492.52,27.35
1430,730,219,5,3673.68,11.02
1431,731,479,3,2849.45,19.25
1432,731,104,1,3003.93,3.09
1433,732,144,2,1388.39,3.07
1434,733,301,4,1717.78,23.16
1435,733,304,-5,1458.46,24.22
1436,733,447,5,3375.63,14.2
1437,734,2,2,4946.53,2.74
1438,735,76,2,907.61,26.24
1439,735,166,1,4490.17,1.57
1440,735,262,4,2184.49,14.15
1441,736,257,1,1279.79,11.8
1442,736,397,4,3560.6,10.65
1443,737,163,5,483.18,18.16
1444,737,110,2,4732.9,25.01
1445,737,365,2,4215.39,16.81
1446,738,356,3,3458.3,16.74
1447,738,223,3,972.26,25.98
1448,739,395,3,3669.61,6.41
1449,739,287,-2,1974.04,5.37
1450,740,6,2,2266.19,15.78
1451,740,3,5,1620.91,2.82
1452,740,189,3,2563.69,0.39
1453,741,18,3,3244.2,11.95
1454,741,357,3,1443.45,1.72
1455,742,422,1,4329.61,27.83
1456,742,312,4,2502.47,14.2
1457,742,448,5,4056.41,1.15
1459,744,43,4,4186.92,3.58
1460,745,327,1,1639.76,25.74
1461,745,143,2,3310.02,22.12
1462,746,429,3,4498.91,5.08
1463,746,301,3,2630.07,28.22
1464,747,214,1,418.28,24.75
1465,747,257,2,3671.89,2.52
1466,748,23,3,3081.79,20.66
1467,748,210,2,3212.97,25.26
1468,749,160,3,2846.74,3.53
1469,750,291,1,2874.33,13.89
1470,750,60,1,994.25,2.59
1471,751,303,1,3856.94,23.66
1472,751,112,3,2355.71,26.32
1473,752,158,2,3762.3,22.14
1474,753,28,4,3558.98,5.34
1475,753,72,5,1646.15,6.78
1476,754,140,2,967.85,8.85
1477,755,226,3,552.82,10.65
1478,755,187,3,3884.62,15.69
1479,755,425,2,279.98,25.04
1480,756,80,5,2886.69,29.81
1481,756,223,3,3265.44,20.46
1482,757,107,3,3528.3,15.11
1483,757,425,3,544.71,23.2
1484,758,112,4,1378.14,27.66
1485,758,265,2,2428.53,14.02
1486,759,191,5,1951.76,17.65
1487,759,18,3,3536.31,18.88
1488,760,82,4,2429.93,10.1
1489,761,96,3,1600.75,14.01
1490,762,386,1,2251.14,18.5
1491,763,295,4,3681.68,14.21
1492,763,125,3,3644.53,18.03
1493,763,248,4,1570.85,29.12
1494,764,391,5,628.49,12.78
1495,765,489,5,2063.68,0.86
1496,765,263,2,4619.53,26.6
1497,766,483,5,1072.46,29.17
1498,766,385,2,736.47,9.99
1499,766,492,1,4854.59,9.28
1500,767,411,3,2347.7,4.96
1501,768,338,2,1081.99,5.16
1502,769,42,2,1257.3,6.1
1503,769,47,2,855.28,16.66
1504,770,3,4,880.72,3.0
1505,770,282,-4,3524.02,27.38
1506,771,193,4,3560.5,22.89
1507,771,50,4,729.66,22.89
1508,771,69,4,3888.98,26.94
1509,772,374,4,3025.0,16.02
1510,772,178,4,3382.4,29.11
1511,772,14,2,4439.38,5.34
1512,773,189,3,1765.27,24.7
1513,774,307,4,4581.47,19.37
1514,774,71,4,1021.06,6.34
1515,774,223,1,1763.97,19.62
1516,775,78,3,1624.35,20.26
1517,775,247,1,1379.0,28.65
1518,776,84,4,3443.46,25.03
1519,777,413,1,1796.81,21.98
1520,777,336,4,4037.4,0.37
1521,778,66,5,2584.16,20.59
1522,778,6,4,3303.7,20.11
1523,779,395,1,1584.48,7.76
1524,779,325,1,3057.82,24.07
1525,780,258,3,3926.92,21.36
1526,780,433,5,4861.67,3.35
1527,781,218,5,3822.09,26.11
1528,782,77,1,1751.87,28.03
1532,784,456,5,3463.3,7.57
1533,785,346,3,3857.49,0.71
1534,785,137,2,1536.87,12.51
1535,786,167,3,3216.32,17.87
1536,786,183,-1,2703.22,11.89
1537,787,44,5,563.41,21.8
1538,788,253,4,4474.31,10.36
1539,788,235,5,1296.09,24.77
1540,788,428,5,2888.43,1.22
1541,789,191,1,819.08,29.31
1542,789,327,1,1971.37,29.41
1543,790,173,3,2170.4,0.67
1544,791,132,1,4200.58,13.0
1545,791,60,2,2897.39,29.85
1546,791,316,5,2741.87,23.81
1547,792,410,1,1933.76,14.19
1548,792,390,4,1446.46,20.67
1549,792,96,3,2557.66,1.37
1550,793,466,2,3423.22,8.18
1551,793,209,2,191.72,12.43
1552,794,141,3,2365.96,23.71
1553,795,163,1,1184.49,0.54
1554,795,167,2,412.24,8.63
1555,795,365,5,4152.18,17.64
1556,796,305,-3,2753.14,14.27
1557,796,286,1,1780.46,9.59
1558,796,422,4,843.72,25.63
1559,797,108,5,3518.85,20.19
1560,797,131,4,258.11,25.57
1561,798,324,4,2850.5,10.36
1562,799,383,5,1909.04,8.75
1563,800,232,4,244.87,18.75
1564,800,86,5,1822.97,12.95
1565,801,385,3,2826.55,14.72
1566,802,193,5,745.32,18.21
1567,803,50,4,1169.7,29.76
1568,804,149,2,4337.98,23.01
1569,804,377,4,2795.34,10.56
1570,804,112,4,4512.25,8.37
1571,805,323,1,3354.75,20.61
1572,805,325,3,2561.29,15.98
1573,806,440,4,2524.68,13.92
1574,807,81,2,2060.27,0.1
1575,807,425,3,3838.38,19.69
1576,808,465,1,1978.43,19.59
1577,808,499,4,2110.44,19.09
1578,808,317,2,779.0,18.6
1579,809,307,5,3687.53,28.36
1580,810,313,2,915.65,18.76
1581,810,351,1,4764.05,0.68
1582,811,453,4,2805.08,25.9
1583,811,436,2,2343.07,21.69
1584,811,123,2,2413.63,21.38
1585,812,166,2,1535.61,26.83
1586,813,296,4,2350.05,20.51
1587,814,124,2,4866.75,15.01
1588,814,57,5,4205.59,26.16
1589,815,126,4,3638.03,2.1
1590,816,17,4,4348.61,29.87
1591,816,442,4,444.79,12.51
1592,816,134,5,692.81,23.3
1593,817,274,1,2248.75,24.83
1594,817,31,3,4077.15,24.85
1595,817,372,1,1880.53,21.5
1596,818,323,4,2200.08,3.72
1597,818,75,3,3813.91,17.39
1598,818,406,1,3637.77,10.99
1599,819,174,2,4573.58,23.87
1600,819,108,3,575.92,19.26
1601,819,38,4,4506.06,14.75
1602,820,388,3,1777.97,20.68
1603,821,404,4,3527.85,17.05
1604,821,305,1,3830.48,4.44
1605,822,14,2,4412.84,16.91
1606,822,366,-3,1602.65,21.48
1610,824,117,1,4269.5,17.5
1611,824,76,5,159.13,10.92
1612,824,261,5,2088.64,18.55
1613,825,498,3,3254.87,17.61
1614,826,161,5,1934.38,25.96
1615,826,249,2,4366.83,14.46
1616,826,248,4,169.74,28.41
1617,827,116,3,1111.5,4.5
1618,827,312,1,3284.98,10.7
1619,828,292,1,4215.89,25.37
1620,828,401,5,4500.86,22.24
1621,829,341,1,2052.61,2.97
1622,829,169,5,429.27,16.6
1623,830,434,5,4375.82,29.11
1624,830,29,4,2876.84,7.44
1625,830,132,2,3479.53,19.52
1626,831,117,4,969.41,29.38
1627,832,283,3,547.66,5.7
1628,832,426,1,4540.09,3.98
1629,833,32,2,1215.17,17.57
1630,833,298,4,2374.93,16.11
1631,834,164,1,1062.49,3.49
1632,835,244,2,589.39,17.68
1633,836,250,3,2889.71,17.45
1634,836,441,1,3627.91,13.28
1635,836,330,2,2985.79,19.05
1636,837,1,3,3797.35,18.04
1637,837,253,2,1710.33,14.5
1638,838,488,3,1394.58,15.97
1639,838,175,3,3421.43,15.09
1640,839,226,1,4888.42,28.37
1641,839,250,1,1664.12,29.23
1642,839,241,4,899.34,1.97
1643,840,345,3,563.38,25.86
1644,840,176,5,4130.53,5.81
1645,841,391,-2,1144.76,15.05
1646,842,393,5,2412.19,20.54
1647,842,475,5,1130.43,20.16
1648,843,81,2,3855.35,23.57
1649,843,437,2,3089.6,4.71
1650,844,243,5,3964.87,23.39
1651,844,138,2,4670.93,14.16
1652,844,439,3,1916.88,9.19
1653,845,182,3,2303.57,12.76
1654,845,202,4,127.8,28.2
1655,845,29,4,1832.7,24.16
1656,846,393,3,195.45,21.13
1657,846,107,3,1544.5,11.2
1658,847,219,4,1695.86,16.8
1659,847,103,2,3126.02,13.2
1660,848,55,1,1291.38,9.76
1661,848,246,5,2402.37,29.13
1662,849,400,4,3470.22,27.27
1663,850,128,3,4935.95,17.58
1664,850,31,1,374.96,10.28
1665,851,190,4,4625.67,3.33
1666,851,69,1,1690.27,23.26
1667,851,212,2,4382.36,17.69
1671,853,446,3,4790.28,10.84
1672,854,383,2,1002.29,14.05
1673,854,236,3,1731.76,20.33
1674,855,133,3,3057.72,27.98
1675,855,72,1,3246.98,12.82
1676,855,413,4,4010.68,24.95
1678,857,492,5,4378.1,9.81
1679,858,252,3,2916.6,19.03
1680,858,377,1,2870.0,29.23
1681,858,400,1,2705.64,23.96
1682,859,294,4,3089.15,29.79
1683,860,393,4,4107.0,13.97
1684,861,78,3,457.83,19.44
1685,861,174,4,2685.8,20.78
1686,861,420,4,4458.05,12.04
1687,862,4,5,4158.29,0.57
1688,862,116,3,2193.03,7.77
1689,863,300,3,2708.58,19.61
1690,864,395,5,4634.25,26.8
1691,865,445,5,847.76,23.19
1692,865,106,3,989.77,0.79
1693,865,309,1,3919.37,16.2
1694,866,168,3,4649.48,19.75
1695,867,156,2,2178.99,8.13
1696,868,396,3,233.75,26.33
1697,869,64,4,224.58,26.03
1698,869,438,2,1964.04,13.4
1699,870,102,2,3877.82,17.71
1700,870,64,1,4849.29,15.2
1701,871,371,5,696.35,22.7
1702,871,62,4,3729.15,10.75
1703,871,163,4,1035.81,29.55
1704,872,185,4,1350.89,3.36
1705,872,234,1,135.55,24.1
1706,872,205,1,1837.94,28.37
1707,873,223,3,1223.86,21.04
1708,874,330,4,4392.11,0.48
1709,874,494,3,3675.18,26.92
1710,874,24,2,4252.33,5.32
1711,875,66,5,863.22,20.85
1712,876,32,5,4031.66,25.99
1716,878,16,4,1099.98,12.11
1717,879,466,3,3147.38,0.85
1718,879,14,3,239.63,14.12
1719,880,447,2,4576.53,1.39
1720,880,194,5,3640.36,5.09
1721,880,52,1,1808.47,6.68
1722,881,34,1,4846.78,13.93
1723,881,213,5,2258.04,25.71
1724,882,1,3,2433.59,26.99
1725,882,132,2,1682.09,16.2
1726,882,490,5,3375.32,2.89
1727,883,384,5,1061.81,6.58
1728,883,67,2,1205.2,2.47
1729,884,368,4,1483.27,18.45
1730,885,116,3,1004.67,19.78
1731,886,364,4,3374.95,15.6
1732,886,296,3,3823.48,3.95
1733,887,192,2,2938.91,28.04
1734,887,18,4,3196.21,23.83
1735,888,8,2,3209.69,25.06
1736,889,83,4,1680.41,17.16
1737,890,440,3,1019.97,26.09
1738,890,498,5,2087.72,29.78
1739,891,319,3,2774.81,3.53
1740,891,144,5,4627.04,10.12
1741,892,131,3,4054.24,14.62
1742,893,234,1,3373.26,10.27
1743,893,266,3,409.28,10.96
1744,893,329,1,4827.29,3.79
1745,894,500,4,4167.38,3.61
1746,895,152,2,4379.2,9.21
1747,895,224,5,4923.13,2.49
1748,895,444,5,994.8,24.6
1749,896,100,-2,4216.06,6.66
1750,896,9,2,3693.72,10.62
1751,896,308,2,2858.13,15.92
1752,897,410,5,1877.02,6.91
1753,898,86,3,877.87,20.41
1754,898,326,5,1208.66,27.92
1755,898,367,2,2750.03,28.65
1756,899,440,2,1464.26,28.77
1757,899,486,4,1552.83,27.03
1758,900,458,4,2393.22,4.08
1759,900,481,3,101.73,7.54
1760,901,343,3,1122.9,22.0
1761,901,305,1,390.19,12.31
1762,901,74,4,4129.96,22.94
1763,902,201,2,3265.81,11.73
1764,903,128,3,445.61,28.9
1765,904,72,4,705.01,22.19
1766,904,484,2,1108.57,4.27
1767,905,390,3,152.77,3.52
1768,905,160,5,602.8,18.86
1769,906,119,4,1564.23,3.75
1770,906,381,5,2326.4,2.11
1771,907,175,3,4752.49,1.23
1772,907,430,3,652.9,14.0
1773,907,300,2,4393.59,20.74
1774,908,389,3,1200.7,3.09
1775,908,375,5,4802.7,25.95
1776,909,446,4,4199.87,28.9
1777,910,30,1,4339.32,8.41
1778,910,371,3,4533.18,19.21
1779,911,215,3,4917.12,2.49
1780,911,52,4,1289.45,14.85
1781,912,223,3,609.43,23.43
1782,912,363,4,2847.29,25.12
1783,912,193,5,2642.94,27.76
1784,913,22,5,628.21,25.15
1785,913,330,1,2920.57,3.52
1786,914,185,-5,3395.79,27.11
1787,915,418,4,3619.62,1.2
1788,915,332,4,4275.94,17.2
1792,917,150,4,4029.29,21.87
1795,919,326,3,3866.19,4.82
1796,919,286,5,3276.61,22.22
1797,919,386,3,3926.74,5.16
1798,920,439,1,1735.44,18.49
1799,920,379,2,1651.02,9.18
1800,921,47,4,1633.33,14.92
1801,921,96,4,1090.53,25.68
1802,921,249,3,1751.31,13.13
1805,923,329,5,1551.4,16.8
1806,923,92,4,3130.51,2.28
1807,923,48,1,3587.16,27.44
1808,924,208,3,814.25,10.2
1809,924,182,4,751.86,11.56
1810,924,433,3,3105.76,29.12
1811,925,116,4,4148.06,7.38
1812,925,80,3,229.16,6.73
1813,926,113,2,4388.17,13.21
1814,926,416,2,812.35,8.9
1815,926,494,1,4301.9,14.5
1816,927,213,5,2801.01,17.04
1817,927,212,2,4254.73,17.43
1818,928,295,4,3759.28,21.2
1819,928,187,3,2213.44,10.94
1820,928,474,2,1668.76,10.71
1821,929,69,3,4313.73,29.59
1822,929,127,5,2936.9,2.9
1823,929,470,5,3570.93,16.06
1824,930,414,5,1216.34,10.45
1825,931,331,5,4123.28,6.72
1826,931,138,5,4199.41,13.81
1827,931,225,4,2996.21,1.94
1828,932,12,5,2297.49,19.51
1829,933,245,2,412.51,10.63
1830,933,489,3,2891.79,28.42
1831,934,15,5,2504.97,21.13
1832,934,483,2,4932.41,6.46
1833,934,232,3,2738.14,20.24
1834,935,120,5,4012.24,15.24
1835,935,209,2,3854.87,29.41
1836,936,162,1,4857.35,1.59
1837,936,387,3,2978.49,23.24
1838,936,37,5,411.78,12.41
1839,937,376,2,1319.12,18.05
1840,938,428,2,244.49,27.86
1841,939,62,3,536.62,28.38
1842,939,294,4,4044.08,11.44
1843,939,243,2,4251.6,5.49
1844,940,182,2,3565.59,26.37
1845,940,256,1,1004.38,12.04
1846,941,180,1,1764.63,22.55
1847,942,132,1,4408.58,1.83
1848,942,286,1,3445.28,2.86
1849,942,1,5,161.63,9.81
1850,943,15,5,2860.49,25.78
1851,943,490,2,1023.56,18.63
1852,944,275,-2,4881.29,2.91
1853,945,468,-2,3038.62,17.22
1854,945,457,4,3561.2,26.39
1855,945,91,5,829.36,24.57
1856,946,319,-1,4682.94,26.65
1857,947,414,3,4681.66,3.23
1858,948,93,5,2640.6,27.01
1859,948,255,2,3057.17,29.92
1860,948,472,3,4695.31,27.86
1861,949,426,4,3941.91,28.32
1862,949,343,5,420.77,7.39
1863,949,73,2,4805.9,14.72
1864,950,22,3,387.26,29.47
1865,950,246,5,584.02,15.6
1866,951,336,3,4568.15,16.89
1867,951,360,5,2656.2,22.71
1868,951,330,2,1484.55,4.06
1869,952,150,4,2080.77,11.31
1870,953,13,4,611.16,16.84
1871,953,313,4,1598.9,29.77
1872,954,395,1,2685.0,1.25
1873,954,485,1,1604.89,17.62
1874,955,278,2,3240.57,22.18
1875,955,274,1,331.32,9.09
1876,955,97,-3,4824.52,1.57
1877,956,448,4,3718.85,15.72
1878,956,92,5,1917.04,20.98
1879,956,467,2,583.39,28.5
1880,957,365,3,457.52,6.11
1881,958,293,5,176.4,27.66
1882,959,461,1,4629.13,0.14
1883,960,338,3,4923.57,29.61
1884,961,191,4,319.31,4.25
1886,963,364,3,1103.89,26.36
1887,963,378,3,2105.1,0.31
1888,963,422,4,1947.95,25.28
1889,964,419,4,1341.78,0.31
1890,965,203,1,3510.41,13.47
1891,965,340,2,445.57,3.43
1892,965,82,4,425.85,16.11
1893,966,484,3,4781.05,21.45
1894,967,204,3,2727.67,8.54
1895,967,292,3,631.61,3.58
1896,967,422,2,4756.02,16.64
1897,968,103,2,2639.31,1.07
1898,968,246,-1,645.89,1.14
1899,969,95,1,3836.45,24.19
1900,969,124,4,3115.07,13.14
1901,970,227,5,3868.72,19.89
1902,971,393,2,3865.89,21.75
1903,971,23,5,169.63,4.58
1904,971,441,3,4617.01,10.5
1905,972,462,1,2017.43,4.59
1906,973,259,1,1203.65,18.82
1907,973,172,4,224.02,13.22
1909,975,494,3,377.89,20.54
1910,975,210,5,2717.94,18.56
1911,975,87,3,1914.82,4.3
1912,976,351,2,128.92,0.1
1913,977,417,4,3866.61,3.59
1914,978,391,1,2861.83,2.22
1915,979,422,4,4692.33,19.34
1916,979,145,5,1995.16,27.31
1917,979,122,4,3101.78,10.35
1918,980,233,4,4605.19,4.59
1919,980,275,3,1196.82,8.61
1920,980,375,2,4818.89,11.65
1923,982,451,5,4273.25,29.62
1924,982,65,3,1119.69,12.17
1925,982,453,4,2356.85,13.57
1926,983,238,3,1755.23,19.96
1927,983,69,5,1108.98,6.51
1928,984,292,2,4745.22,21.88
1929,985,187,4,2786.21,22.92
1930,985,210,3,3255.6,6.41
1931,985,73,4,632.39,19.57
1932,986,464,5,2119.38,5.98
1933,986,173,5,4460.63,19.79
1934,987,222,2,4721.68,0.72
1935,987,106,4,2880.23,5.17
1936,987,382,5,3869.28,19.24
1937,988,401,2,838.35,9.49
1938,988,126,2,3836.84,14.6
1939,988,313,5,2699.88,18.84
1940,989,347,1,3956.12,2.57
1941,990,472,1,1724.39,2.7
1944,992,244,3,3547.66,8.69
1945,992,52,5,883.08,26.42
1946,993,213,1,2708.3,18.55
1947,994,288,5,3180.54,21.0
1948,995,354,2,4883.01,19.92
1949,995,76,4,575.64,1.18
1950,996,243,4,2436.71,23.01
1951,996,301,3,4661.62,17.55
1952,997,230,1,4854.45,28.4
1953,998,177,3,4940.29,26.59
1954,998,36,2,761.22,9.0
1955,998,202,2,643.76,28.05
1956,999,101,3,1532.51,23.78
1957,999,403,1,1838.09,29.51
1958,999,254,1,3147.12,17.71
1959,1000,187,3,1040.91,8.41
